title,description,category,duration_minutes,difficulty,intensity_level,sopk_benefits,symptom_targets,contraindications,instructions,equipment_needed,audio_guide_url,video_preview_url,easy_modifications,advanced_variations
Méditation Soir Sommeil Profond,Méditation guidée apaisante et accessible.,meditation,25,beginner,1,"{stress_reduction,better_sleep,hormonal_balance,mood_improvement}","{insomnia,anxiety,stress,mood_swings}",{},"[{""phase"": ""warmup"", ""exercises"": [{""name"": ""Respiration tranquille"", ""duration"": ""2 min"", ""description"": ""Installez-vous assise ou allongée, allongez le souffle."", ""repetitions"": ""6 cycles"", ""breathing"": ""in 4 / out 6""}], ""duration"": 2}, {""phase"": ""main"", ""exercises"": [{""name"": ""Méditation guidée"", ""duration"": ""6 min"", ""description"": ""Laissez la voix guider un scan corporel et des visualisations apaisantes."", ""repetitions"": ""continu"", ""breathing"": ""naturelle""}], ""duration"": 7}, {""phase"": ""cooldown"", ""exercises"": [{""name"": ""Reprise douce"", ""duration"": ""1 min"", ""description"": ""Bougez doigts et orteils, étirez-vous."", ""repetitions"": ""N/A"", ""breathing"": ""profonde""}], ""duration"": 1}]",{cushion},https://sopk-app.com/audio/1.mp3,NULL,"{S'asseoir sur une chaise,Garder les yeux ouverts,Raccourcir la séance}","{Prolonger à 20 minutes,Pratiquer en silence,Ajouter un mantra}"
Méditation Matinale Énergie Positif,Méditation guidée apaisante et accessible.,meditation,35,beginner,1,"{energy_boost,stress_reduction,mood_improvement}","{fatigue,low_energy,stress}",{},"[{""phase"": ""warmup"", ""exercises"": [{""name"": ""Respiration tranquille"", ""duration"": ""2 min"", ""description"": ""Installez-vous assise ou allongée, allongez le souffle."", ""repetitions"": ""6 cycles"", ""breathing"": ""in 4 / out 6""}], ""duration"": 1}, {""phase"": ""main"", ""exercises"": [{""name"": ""Méditation guidée"", ""duration"": ""3 min"", ""description"": ""Laissez la voix guider un scan corporel et des visualisations apaisantes."", ""repetitions"": ""continu"", ""breathing"": ""naturelle""}], ""duration"": 3}, {""phase"": ""cooldown"", ""exercises"": [{""name"": ""Reprise douce"", ""duration"": ""1 min"", ""description"": ""Bougez doigts et orteils, étirez-vous."", ""repetitions"": ""N/A"", ""breathing"": ""profonde""}], ""duration"": 1}]",{cushion},https://sopk-app.com/audio/2.mp3,NULL,"{S'asseoir sur une chaise,Garder les yeux ouverts,Raccourcir la séance}","{Prolonger à 20 minutes,Pratiquer en silence,Ajouter un mantra}"
Pause Méditative Anti-Stress Midi,Méditation guidée apaisante et accessible.,meditation,15,beginner,1,"{stress_reduction,mood_improvement,energy_boost}","{anxiety,stress,fatigue}",{},"[{""phase"": ""warmup"", ""exercises"": [{""name"": ""Respiration tranquille"", ""duration"": ""2 min"", ""description"": ""Installez-vous assise ou allongée, allongez le souffle."", ""repetitions"": ""6 cycles"", ""breathing"": ""in 4 / out 6""}], ""duration"": 2}, {""phase"": ""main"", ""exercises"": [{""name"": ""Méditation guidée"", ""duration"": ""11 min"", ""description"": ""Laissez la voix guider un scan corporel et des visualisations apaisantes."", ""repetitions"": ""continu"", ""breathing"": ""naturelle""}], ""duration"": 12}, {""phase"": ""cooldown"", ""exercises"": [{""name"": ""Reprise douce"", ""duration"": ""1 min"", ""description"": ""Bougez doigts et orteils, étirez-vous."", ""repetitions"": ""N/A"", ""breathing"": ""profonde""}], ""duration"": 1}]",{cushion},https://sopk-app.com/audio/3.mp3,NULL,"{S'asseoir sur une chaise,Garder les yeux ouverts,Raccourcir la séance}","{Prolonger à 20 minutes,Pratiquer en silence,Ajouter un mantra}"
Respiration Cohérente 4-6,Exercice de respiration simple et efficace pour apaiser et réguler.,breathing,5,beginner,1,"{stress_reduction,improved_circulation,mood_improvement}","{anxiety,stress,insomnia}",{},"[{""phase"": ""warmup"", ""exercises"": [{""name"": ""Installation"", ""duration"": ""1 min"", ""description"": ""Position confortable, observez le souffle."", ""repetitions"": ""N/A"", ""breathing"": ""naturelle""}], ""duration"": 1}, {""phase"": ""main"", ""exercises"": [{""name"": ""Technique respiratoire"", ""duration"": ""3 min"", ""description"": ""Rythme régulier adapté."", ""repetitions"": ""continu"", ""breathing"": ""guidée""}], ""duration"": 3}, {""phase"": ""cooldown"", ""exercises"": [{""name"": ""Expiration longue"", ""duration"": ""1 min"", ""description"": ""Laissez tomber les tensions."", ""repetitions"": ""3 soupirs"", ""breathing"": ""longue""}], ""duration"": 1}]",{},https://sopk-app.com/audio/4.mp3,NULL,"{Pratiquer allongée,Ralentir le rythme,Faire des pauses}","{Prolonger à 10 minutes,Essayer l'alternée,Associer une musique douce}"
Respiration Diaphragmatique Anti-Douleurs,Exercice de respiration simple et efficace pour apaiser et réguler.,breathing,10,beginner,1,"{stress_reduction,reduced_inflammation,hormonal_balance,improved_circulation}","{period_pain,pelvic_pain,back_pain,stress}",{},"[{""phase"": ""warmup"", ""exercises"": [{""name"": ""Installation"", ""duration"": ""1 min"", ""description"": ""Position confortable, observez le souffle."", ""repetitions"": ""N/A"", ""breathing"": ""naturelle""}], ""duration"": 1}, {""phase"": ""main"", ""exercises"": [{""name"": ""Technique respiratoire"", ""duration"": ""8 min"", ""description"": ""Rythme régulier adapté."", ""repetitions"": ""continu"", ""breathing"": ""guidée""}], ""duration"": 8}, {""phase"": ""cooldown"", ""exercises"": [{""name"": ""Expiration longue"", ""duration"": ""1 min"", ""description"": ""Laissez tomber les tensions."", ""repetitions"": ""3 soupirs"", ""breathing"": ""longue""}], ""duration"": 1}]",{},https://sopk-app.com/audio/5.mp3,NULL,"{Pratiquer allongée,Ralentir le rythme,Faire des pauses}","{Prolonger à 10 minutes,Essayer l'alternée,Associer une musique douce}"
Routine Respiratoire Énergisante,Exercice de respiration simple et efficace pour apaiser et réguler.,breathing,15,beginner,1,"{energy_boost,improved_circulation,mood_improvement}","{fatigue,low_energy,poor_circulation}",{},"[{""phase"": ""warmup"", ""exercises"": [{""name"": ""Installation"", ""duration"": ""1 min"", ""description"": ""Position confortable, observez le souffle."", ""repetitions"": ""N/A"", ""breathing"": ""naturelle""}], ""duration"": 1}, {""phase"": ""main"", ""exercises"": [{""name"": ""Technique respiratoire"", ""duration"": ""13 min"", ""description"": ""Rythme régulier adapté."", ""repetitions"": ""continu"", ""breathing"": ""guidée""}], ""duration"": 13}, {""phase"": ""cooldown"", ""exercises"": [{""name"": ""Expiration longue"", ""duration"": ""1 min"", ""description"": ""Laissez tomber les tensions."", ""repetitions"": ""3 soupirs"", ""breathing"": ""longue""}], ""duration"": 1}]",{},https://sopk-app.com/audio/6.mp3,NULL,"{Pratiquer allongée,Ralentir le rythme,Faire des pauses}","{Prolonger à 10 minutes,Essayer l'alternée,Associer une musique douce}"
Étirements Doux du Matin,Routine de mobilité pour délier en douceur et améliorer l'aisance.,mobility,7,beginner,2,"{improved_circulation,stress_reduction,mood_improvement}","{back_pain,poor_circulation,fatigue,stress}",{},"[{""phase"": ""warmup"", ""exercises"": [{""name"": ""Respiration + mobilisation simple"", ""duration"": ""2 min"", ""description"": ""Épaules, cou, chevilles."", ""repetitions"": ""lente"", ""breathing"": ""fluide""}], ""duration"": 1}, {""phase"": ""main"", ""exercises"": [{""name"": ""Séquence de mobilité"", ""duration"": ""5 min"", ""description"": ""Mouvements articulaires progressifs."", ""repetitions"": ""séries courtes"", ""breathing"": ""coordonnée""}], ""duration"": 5}, {""phase"": ""cooldown"", ""exercises"": [{""name"": ""Étirements légers"", ""duration"": ""1 min"", ""description"": ""Relâchement global."", ""repetitions"": ""tenues courtes"", ""breathing"": ""calme""}], ""duration"": 1}]",{mat},NULL,https://sopk-app.com/video/7.mp4,"{Faire sur une chaise,Réduire l'amplitude,Se tenir à un mur}","{Tenir plus longtemps,Ajouter un élastique,Répéter la routine}"
Mobilité Articulaire Complète,Routine de mobilité pour délier en douceur et améliorer l'aisance.,mobility,20,medium,3,"{improved_circulation,stress_reduction,mood_improvement}","{back_pain,poor_circulation,fatigue,stress}","{recent_surgery,acute_pain}","[{""phase"": ""warmup"", ""exercises"": [{""name"": ""Respiration + mobilisation simple"", ""duration"": ""2 min"", ""description"": ""Épaules, cou, chevilles."", ""repetitions"": ""lente"", ""breathing"": ""fluide""}], ""duration"": 2}, {""phase"": ""main"", ""exercises"": [{""name"": ""Séquence de mobilité"", ""duration"": ""17 min"", ""description"": ""Mouvements articulaires progressifs."", ""repetitions"": ""séries courtes"", ""breathing"": ""coordonnée""}], ""duration"": 17}, {""phase"": ""cooldown"", ""exercises"": [{""name"": ""Étirements légers"", ""duration"": ""1 min"", ""description"": ""Relâchement global."", ""repetitions"": ""tenues courtes"", ""breathing"": ""calme""}], ""duration"": 1}]",{mat},NULL,https://sopk-app.com/video/8.mp4,"{Faire sur une chaise,Réduire l'amplitude,Se tenir à un mur}","{Tenir plus longtemps,Ajouter un élastique,Répéter la routine}"
Étirements du Soir Anti-Stress,Routine de mobilité pour délier en douceur et améliorer l'aisance.,mobility,10,easy,1,"{improved_circulation,stress_reduction,mood_improvement}","{back_pain,poor_circulation,fatigue,stress}",{},"[{""phase"": ""warmup"", ""exercises"": [{""name"": ""Respiration + mobilisation simple"", ""duration"": ""2 min"", ""description"": ""Épaules, cou, chevilles."", ""repetitions"": ""lente"", ""breathing"": ""fluide""}], ""duration"": 2}, {""phase"": ""main"", ""exercises"": [{""name"": ""Séquence de mobilité"", ""duration"": ""7 min"", ""description"": ""Mouvements articulaires progressifs."", ""repetitions"": ""séries courtes"", ""breathing"": ""coordonnée""}], ""duration"": 7}, {""phase"": ""cooldown"", ""exercises"": [{""name"": ""Étirements légers"", ""duration"": ""1 min"", ""description"": ""Relâchement global."", ""repetitions"": ""tenues courtes"", ""breathing"": ""calme""}], ""duration"": 1}]",{mat},NULL,https://sopk-app.com/video/9.mp4,"{Faire sur une chaise,Réduire l'amplitude,Se tenir à un mur}","{Tenir plus longtemps,Ajouter un élastique,Répéter la routine}"
Mobilité Hanches & Bassin,Routine de mobilité pour délier en douceur et améliorer l'aisance.,mobility,15,easy,2,"{improved_circulation,stress_reduction,mood_improvement}","{back_pain,poor_circulation,fatigue,stress}","{recent_surgery,acute_pain}","[{""phase"": ""warmup"", ""exercises"": [{""name"": ""Respiration + mobilisation simple"", ""duration"": ""2 min"", ""description"": ""Épaules, cou, chevilles."", ""repetitions"": ""lente"", ""breathing"": ""fluide""}], ""duration"": 2}, {""phase"": ""main"", ""exercises"": [{""name"": ""Séquence de mobilité"", ""duration"": ""12 min"", ""description"": ""Mouvements articulaires progressifs."", ""repetitions"": ""séries courtes"", ""breathing"": ""coordonnée""}], ""duration"": 12}, {""phase"": ""cooldown"", ""exercises"": [{""name"": ""Étirements légers"", ""duration"": ""1 min"", ""description"": ""Relâchement global."", ""repetitions"": ""tenues courtes"", ""breathing"": ""calme""}], ""duration"": 1}]",{mat},NULL,https://sopk-app.com/video/10.mp4,"{Faire sur une chaise,Réduire l'amplitude,Se tenir à un mur}","{Tenir plus longtemps,Ajouter un élastique,Répéter la routine}"
Mobilité Dos & Épaules,Routine de mobilité pour délier en douceur et améliorer l'aisance.,mobility,20,easy,2,"{improved_circulation,stress_reduction,mood_improvement}","{back_pain,poor_circulation,fatigue,stress}","{recent_surgery,acute_pain}","[{""phase"": ""warmup"", ""exercises"": [{""name"": ""Respiration + mobilisation simple"", ""duration"": ""2 min"", ""description"": ""Épaules, cou, chevilles."", ""repetitions"": ""lente"", ""breathing"": ""fluide""}], ""duration"": 2}, {""phase"": ""main"", ""exercises"": [{""name"": ""Séquence de mobilité"", ""duration"": ""17 min"", ""description"": ""Mouvements articulaires progressifs."", ""repetitions"": ""séries courtes"", ""breathing"": ""coordonnée""}], ""duration"": 17}, {""phase"": ""cooldown"", ""exercises"": [{""name"": ""Étirements légers"", ""duration"": ""1 min"", ""description"": ""Relâchement global."", ""repetitions"": ""tenues courtes"", ""breathing"": ""calme""}], ""duration"": 1}]",{mat},NULL,https://sopk-app.com/video/11.mp4,"{Faire sur une chaise,Réduire l'amplitude,Se tenir à un mur}","{Tenir plus longtemps,Ajouter un élastique,Répéter la routine}"
Mobilité Dynamique Corps Entier,Routine de mobilité pour délier en douceur et améliorer l'aisance.,mobility,25,medium,3,"{improved_circulation,stress_reduction,mood_improvement}","{back_pain,poor_circulation,fatigue,stress}","{recent_surgery,acute_pain}","[{""phase"": ""warmup"", ""exercises"": [{""name"": ""Respiration + mobilisation simple"", ""duration"": ""2 min"", ""description"": ""Épaules, cou, chevilles."", ""repetitions"": ""lente"", ""breathing"": ""fluide""}], ""duration"": 2}, {""phase"": ""main"", ""exercises"": [{""name"": ""Séquence de mobilité"", ""duration"": ""22 min"", ""description"": ""Mouvements articulaires progressifs."", ""repetitions"": ""séries courtes"", ""breathing"": ""coordonnée""}], ""duration"": 22}, {""phase"": ""cooldown"", ""exercises"": [{""name"": ""Étirements légers"", ""duration"": ""1 min"", ""description"": ""Relâchement global."", ""repetitions"": ""tenues courtes"", ""breathing"": ""calme""}], ""duration"": 1}]",{mat},NULL,https://sopk-app.com/video/12.mp4,"{Faire sur une chaise,Réduire l'amplitude,Se tenir à un mur}","{Tenir plus longtemps,Ajouter un élastique,Répéter la routine}"
Yoga Doux Crampes Menstruelles,Séance thérapeutique pour apaiser les douleurs et relâcher le bas-ventre.,yoga,20,beginner,1,"{stress_reduction,hormonal_balance,reduced_inflammation}","{period_pain,bloating,back_pain,stress}",{heavy_menstruation},"[{""phase"": ""warmup"", ""exercises"": [{""name"": ""Respiration abdominale"", ""duration"": ""3 min"", ""description"": ""Allongée, mains sur le ventre."", ""repetitions"": ""10 cycles"", ""breathing"": ""in 4 / out 6""}], ""duration"": 3}, {""phase"": ""main"", ""exercises"": [{""name"": ""Postures restauratives"", ""duration"": ""15 min"", ""description"": ""Enfant, torsion douce, papillon allongé."", ""repetitions"": ""tenues longues"", ""breathing"": ""calme""}], ""duration"": 15}, {""phase"": ""cooldown"", ""exercises"": [{""name"": ""Savasana"", ""duration"": ""2 min"", ""description"": ""Relaxation finale."", ""repetitions"": ""immobile"", ""breathing"": ""libre""}], ""duration"": 2}]","{mat,cushion,wall}",https://sopk-app.com/audio/13.mp3,NULL,"{Ajouter des coussins,Raccourcir les postures,Pratiquer près d'un mur}","{Prolonger les tenues,Respiration Ujjayi,Transitions fluides}"
Yoga Doux Bas-Ventre Apaisé,Séance thérapeutique pour apaiser les douleurs et relâcher le bas-ventre.,yoga,15,easy,1,"{stress_reduction,hormonal_balance,reduced_inflammation}","{period_pain,bloating,back_pain,stress}",{heavy_menstruation},"[{""phase"": ""warmup"", ""exercises"": [{""name"": ""Respiration abdominale"", ""duration"": ""3 min"", ""description"": ""Allongée, mains sur le ventre."", ""repetitions"": ""10 cycles"", ""breathing"": ""in 4 / out 6""}], ""duration"": 3}, {""phase"": ""main"", ""exercises"": [{""name"": ""Postures restauratives"", ""duration"": ""10 min"", ""description"": ""Enfant, torsion douce, papillon allongé."", ""repetitions"": ""tenues longues"", ""breathing"": ""calme""}], ""duration"": 10}, {""phase"": ""cooldown"", ""exercises"": [{""name"": ""Savasana"", ""duration"": ""2 min"", ""description"": ""Relaxation finale."", ""repetitions"": ""immobile"", ""breathing"": ""libre""}], ""duration"": 2}]","{mat,cushion,wall}",https://sopk-app.com/audio/14.mp3,NULL,"{Ajouter des coussins,Raccourcir les postures,Pratiquer près d'un mur}","{Prolonger les tenues,Respiration Ujjayi,Transitions fluides}"
Yoga Doux Jambes au Mur,Séance thérapeutique pour apaiser les douleurs et relâcher le bas-ventre.,yoga,10,beginner,1,"{stress_reduction,hormonal_balance,reduced_inflammation}","{period_pain,bloating,back_pain,stress}",{heavy_menstruation},"[{""phase"": ""warmup"", ""exercises"": [{""name"": ""Respiration abdominale"", ""duration"": ""3 min"", ""description"": ""Allongée, mains sur le ventre."", ""repetitions"": ""10 cycles"", ""breathing"": ""in 4 / out 6""}], ""duration"": 2}, {""phase"": ""main"", ""exercises"": [{""name"": ""Postures restauratives"", ""duration"": ""6 min"", ""description"": ""Enfant, torsion douce, papillon allongé."", ""repetitions"": ""tenues longues"", ""breathing"": ""calme""}], ""duration"": 6}, {""phase"": ""cooldown"", ""exercises"": [{""name"": ""Savasana"", ""duration"": ""2 min"", ""description"": ""Relaxation finale."", ""repetitions"": ""immobile"", ""breathing"": ""libre""}], ""duration"": 2}]","{mat,cushion,wall}",https://sopk-app.com/audio/15.mp3,NULL,"{Ajouter des coussins,Raccourcir les postures,Pratiquer près d'un mur}","{Prolonger les tenues,Respiration Ujjayi,Transitions fluides}"
Yoga Doux Détente Lutéale,Séance thérapeutique pour apaiser les douleurs et relâcher le bas-ventre.,yoga,25,easy,2,"{stress_reduction,hormonal_balance,reduced_inflammation}","{period_pain,bloating,back_pain,stress}",{},"[{""phase"": ""warmup"", ""exercises"": [{""name"": ""Respiration abdominale"", ""duration"": ""3 min"", ""description"": ""Allongée, mains sur le ventre."", ""repetitions"": ""10 cycles"", ""breathing"": ""in 4 / out 6""}], ""duration"": 3}, {""phase"": ""main"", ""exercises"": [{""name"": ""Postures restauratives"", ""duration"": ""20 min"", ""description"": ""Enfant, torsion douce, papillon allongé."", ""repetitions"": ""tenues longues"", ""breathing"": ""calme""}], ""duration"": 20}, {""phase"": ""cooldown"", ""exercises"": [{""name"": ""Savasana"", ""duration"": ""2 min"", ""description"": ""Relaxation finale."", ""repetitions"": ""immobile"", ""breathing"": ""libre""}], ""duration"": 2}]","{mat,cushion,wall}",https://sopk-app.com/audio/16.mp3,NULL,"{Ajouter des coussins,Raccourcir les postures,Pratiquer près d'un mur}","{Prolonger les tenues,Respiration Ujjayi,Transitions fluides}"
Flow Yoga Dynamique Énergie,"Flow dynamique pour tonifier, activer le cardio et l'équilibre.",yoga,25,medium,3,"{energy_boost,insulin_sensitivity,cardiovascular_health,muscle_strength}","{low_energy,insulin_resistance,weight_gain,stress}",{},"[{""phase"": ""warmup"", ""exercises"": [{""name"": ""Salutations au soleil"", ""duration"": ""5 min"", ""description"": ""Échauffement global en flow."", ""repetitions"": ""3-5 cycles"", ""breathing"": ""coordonnée""}], ""duration"": 5}, {""phase"": ""main"", ""exercises"": [{""name"": ""Enchaînement guerriers/planche"", ""duration"": ""17 min"", ""description"": ""Transitions contrôlées, rythme modéré."", ""repetitions"": ""séries"", ""breathing"": ""rythmée""}], ""duration"": 17}, {""phase"": ""cooldown"", ""exercises"": [{""name"": ""Étirements + pli avant"", ""duration"": ""3 min"", ""description"": ""Retour au calme."", ""repetitions"": ""tenues"", ""breathing"": ""allongée""}], ""duration"": 3}]",{mat},NULL,https://sopk-app.com/video/17.mp4,"{Poser les genoux en planche,Réduire l'amplitude,Ralentir le flow}","{Accélérer le rythme,Ajouter des sauts contrôlés,Tenir les postures plus longtemps}"
Yoga Dynamique Renforcement & Équilibre,"Flow dynamique pour tonifier, activer le cardio et l'équilibre.",yoga,30,medium,4,"{energy_boost,insulin_sensitivity,cardiovascular_health,muscle_strength}","{low_energy,insulin_resistance,weight_gain,stress}",{joint_problems},"[{""phase"": ""warmup"", ""exercises"": [{""name"": ""Salutations au soleil"", ""duration"": ""5 min"", ""description"": ""Échauffement global en flow."", ""repetitions"": ""3-5 cycles"", ""breathing"": ""coordonnée""}], ""duration"": 5}, {""phase"": ""main"", ""exercises"": [{""name"": ""Enchaînement guerriers/planche"", ""duration"": ""22 min"", ""description"": ""Transitions contrôlées, rythme modéré."", ""repetitions"": ""séries"", ""breathing"": ""rythmée""}], ""duration"": 22}, {""phase"": ""cooldown"", ""exercises"": [{""name"": ""Étirements + pli avant"", ""duration"": ""3 min"", ""description"": ""Retour au calme."", ""repetitions"": ""tenues"", ""breathing"": ""allongée""}], ""duration"": 3}]",{mat},NULL,https://sopk-app.com/video/18.mp4,"{Poser les genoux en planche,Réduire l'amplitude,Ralentir le flow}","{Accélérer le rythme,Ajouter des sauts contrôlés,Tenir les postures plus longtemps}"
Initiation Vinyasa Doux,"Flow dynamique pour tonifier, activer le cardio et l'équilibre.",yoga,20,easy,3,"{energy_boost,insulin_sensitivity,cardiovascular_health,muscle_strength}","{low_energy,insulin_resistance,weight_gain,stress}",{},"[{""phase"": ""warmup"", ""exercises"": [{""name"": ""Salutations au soleil"", ""duration"": ""5 min"", ""description"": ""Échauffement global en flow."", ""repetitions"": ""3-5 cycles"", ""breathing"": ""coordonnée""}], ""duration"": 4}, {""phase"": ""main"", ""exercises"": [{""name"": ""Enchaînement guerriers/planche"", ""duration"": ""13 min"", ""description"": ""Transitions contrôlées, rythme modéré."", ""repetitions"": ""séries"", ""breathing"": ""rythmée""}], ""duration"": 13}, {""phase"": ""cooldown"", ""exercises"": [{""name"": ""Étirements + pli avant"", ""duration"": ""3 min"", ""description"": ""Retour au calme."", ""repetitions"": ""tenues"", ""breathing"": ""allongée""}], ""duration"": 3}]",{mat},NULL,https://sopk-app.com/video/19.mp4,"{Poser les genoux en planche,Réduire l'amplitude,Ralentir le flow}","{Accélérer le rythme,Ajouter des sauts contrôlés,Tenir les postures plus longtemps}"
Yoga Dynamique Spécial Ovulation,"Flow dynamique pour tonifier, activer le cardio et l'équilibre.",yoga,30,advanced,5,"{energy_boost,insulin_sensitivity,cardiovascular_health,muscle_strength}","{low_energy,insulin_resistance,weight_gain,stress}",{joint_problems},"[{""phase"": ""warmup"", ""exercises"": [{""name"": ""Salutations au soleil"", ""duration"": ""5 min"", ""description"": ""Échauffement global en flow."", ""repetitions"": ""3-5 cycles"", ""breathing"": ""coordonnée""}], ""duration"": 5}, {""phase"": ""main"", ""exercises"": [{""name"": ""Enchaînement guerriers/planche"", ""duration"": ""22 min"", ""description"": ""Transitions contrôlées, rythme modéré."", ""repetitions"": ""séries"", ""breathing"": ""rythmée""}], ""duration"": 22}, {""phase"": ""cooldown"", ""exercises"": [{""name"": ""Étirements + pli avant"", ""duration"": ""3 min"", ""description"": ""Retour au calme."", ""repetitions"": ""tenues"", ""breathing"": ""allongée""}], ""duration"": 3}]",{mat},NULL,https://sopk-app.com/video/20.mp4,"{Poser les genoux en planche,Réduire l'amplitude,Ralentir le flow}","{Accélérer le rythme,Ajouter des sauts contrôlés,Tenir les postures plus longtemps}"
Yoga Restauratif Détente Profonde,Séance ultra-douce axée sur la récupération nerveuse et hormonale.,yoga,30,easy,1,"{stress_reduction,better_sleep,hormonal_balance,reduced_inflammation}","{anxiety,insomnia,stress,mood_swings}",{},"[{""phase"": ""warmup"", ""exercises"": [{""name"": ""Installation props"", ""duration"": ""3 min"", ""description"": ""Coussins, couvertures."", ""repetitions"": ""N/A"", ""breathing"": ""calme""}], ""duration"": 3}, {""phase"": ""main"", ""exercises"": [{""name"": ""Postures restauratives"", ""duration"": ""25 min"", ""description"": ""Papillon allongé, torsion supportée, jambes au mur."", ""repetitions"": ""tenues longues"", ""breathing"": ""profonde""}], ""duration"": 25}, {""phase"": ""cooldown"", ""exercises"": [{""name"": ""Savasana prolongé"", ""duration"": ""2 min"", ""description"": ""Abandon total."", ""repetitions"": ""immobile"", ""breathing"": ""libre""}], ""duration"": 2}]","{mat,cushion,block,wall}",https://sopk-app.com/audio/21.mp3,NULL,"{Multiplier les supports,Tenir moins longtemps,Fermer les yeux}","{Tenir 5-8 minutes,Respiration alternée,Scan corporel}"
Yoga Restauratif Anti-Stress,Séance ultra-douce axée sur la récupération nerveuse et hormonale.,yoga,35,easy,1,"{stress_reduction,better_sleep,hormonal_balance,reduced_inflammation}","{anxiety,insomnia,stress,mood_swings}",{},"[{""phase"": ""warmup"", ""exercises"": [{""name"": ""Installation props"", ""duration"": ""3 min"", ""description"": ""Coussins, couvertures."", ""repetitions"": ""N/A"", ""breathing"": ""calme""}], ""duration"": 3}, {""phase"": ""main"", ""exercises"": [{""name"": ""Postures restauratives"", ""duration"": ""30 min"", ""description"": ""Papillon allongé, torsion supportée, jambes au mur."", ""repetitions"": ""tenues longues"", ""breathing"": ""profonde""}], ""duration"": 30}, {""phase"": ""cooldown"", ""exercises"": [{""name"": ""Savasana prolongé"", ""duration"": ""2 min"", ""description"": ""Abandon total."", ""repetitions"": ""immobile"", ""breathing"": ""libre""}], ""duration"": 2}]","{mat,cushion,block,wall}",https://sopk-app.com/audio/22.mp3,NULL,"{Multiplier les supports,Tenir moins longtemps,Fermer les yeux}","{Tenir 5-8 minutes,Respiration alternée,Scan corporel}"
Yoga Restauratif Sommeil,Séance ultra-douce axée sur la récupération nerveuse et hormonale.,yoga,20,beginner,1,"{stress_reduction,better_sleep,hormonal_balance,reduced_inflammation}","{anxiety,insomnia,stress,mood_swings}",{},"[{""phase"": ""warmup"", ""exercises"": [{""name"": ""Installation props"", ""duration"": ""3 min"", ""description"": ""Coussins, couvertures."", ""repetitions"": ""N/A"", ""breathing"": ""calme""}], ""duration"": 3}, {""phase"": ""main"", ""exercises"": [{""name"": ""Postures restauratives"", ""duration"": ""15 min"", ""description"": ""Papillon allongé, torsion supportée, jambes au mur."", ""repetitions"": ""tenues longues"", ""breathing"": ""profonde""}], ""duration"": 15}, {""phase"": ""cooldown"", ""exercises"": [{""name"": ""Savasana prolongé"", ""duration"": ""2 min"", ""description"": ""Abandon total."", ""repetitions"": ""immobile"", ""breathing"": ""libre""}], ""duration"": 2}]","{mat,cushion,block,wall}",https://sopk-app.com/audio/23.mp3,NULL,"{Multiplier les supports,Tenir moins longtemps,Fermer les yeux}","{Tenir 5-8 minutes,Respiration alternée,Scan corporel}"
Yoga Restauratif Cycle Lutéal,Séance ultra-douce axée sur la récupération nerveuse et hormonale.,yoga,15,easy,1,"{stress_reduction,better_sleep,hormonal_balance,reduced_inflammation}","{anxiety,insomnia,stress,mood_swings}",{},"[{""phase"": ""warmup"", ""exercises"": [{""name"": ""Installation props"", ""duration"": ""3 min"", ""description"": ""Coussins, couvertures."", ""repetitions"": ""N/A"", ""breathing"": ""calme""}], ""duration"": 2}, {""phase"": ""main"", ""exercises"": [{""name"": ""Postures restauratives"", ""duration"": ""11 min"", ""description"": ""Papillon allongé, torsion supportée, jambes au mur."", ""repetitions"": ""tenues longues"", ""breathing"": ""profonde""}], ""duration"": 11}, {""phase"": ""cooldown"", ""exercises"": [{""name"": ""Savasana prolongé"", ""duration"": ""2 min"", ""description"": ""Abandon total."", ""repetitions"": ""immobile"", ""breathing"": ""libre""}], ""duration"": 2}]","{mat,cushion,block,wall}",https://sopk-app.com/audio/24.mp3,NULL,"{Multiplier les supports,Tenir moins longtemps,Fermer les yeux}","{Tenir 5-8 minutes,Respiration alternée,Scan corporel}"
Marche Guidée 10 min – Mise en Mouvement,Séance de marche simple et efficace pour bouger sans impact.,walking,10,easy,2,"{improved_circulation,cardiovascular_health,mood_improvement,weight_management}","{fatigue,low_energy,poor_circulation,depression}",{},"[{""phase"": ""warmup"", ""exercises"": [{""name"": ""Départ progressif"", ""duration"": ""2-5 min"", ""description"": ""Allure tranquille + respiration."", ""repetitions"": ""N/A"", ""breathing"": ""calme""}], ""duration"": 2}, {""phase"": ""main"", ""exercises"": [{""name"": ""Marche continue"", ""duration"": ""7 min"", ""description"": ""Allure confortable (parler possible)."", ""repetitions"": ""continu"", ""breathing"": ""naturelle""}], ""duration"": 3}, {""phase"": ""cooldown"", ""exercises"": [{""name"": ""Retour au calme"", ""duration"": ""2-5 min"", ""description"": ""Ralentir + étirements rapides."", ""repetitions"": ""N/A"", ""breathing"": ""profonde""}], ""duration"": 2}]",{},NULL,https://sopk-app.com/video/25.mp4,"{Allure plus lente,Segmenter en petites sessions,Choisir terrain plat}","{Allonger la durée,Ajouter des côtes légères,Utiliser des bâtons}"
Marche Active 20 min – Vitalité,Séance de marche simple et efficace pour bouger sans impact.,walking,20,medium,3,"{improved_circulation,cardiovascular_health,mood_improvement,weight_management}","{fatigue,low_energy,poor_circulation,depression}",{},"[{""phase"": ""warmup"", ""exercises"": [{""name"": ""Départ progressif"", ""duration"": ""2-5 min"", ""description"": ""Allure tranquille + respiration."", ""repetitions"": ""N/A"", ""breathing"": ""calme""}], ""duration"": 2}, {""phase"": ""main"", ""exercises"": [{""name"": ""Marche continue"", ""duration"": ""13 min"", ""description"": ""Allure confortable (parler possible)."", ""repetitions"": ""continu"", ""breathing"": ""naturelle""}], ""duration"": 13}, {""phase"": ""cooldown"", ""exercises"": [{""name"": ""Retour au calme"", ""duration"": ""2-5 min"", ""description"": ""Ralentir + étirements rapides."", ""repetitions"": ""N/A"", ""breathing"": ""profonde""}], ""duration"": 2}]",{},NULL,https://sopk-app.com/video/26.mp4,"{Allure plus lente,Segmenter en petites sessions,Choisir terrain plat}","{Allonger la durée,Ajouter des côtes légères,Utiliser des bâtons}"
Marche Nature 40 min – Endurance Douce,Séance de marche simple et efficace pour bouger sans impact.,walking,40,easy,2,"{improved_circulation,cardiovascular_health,mood_improvement,weight_management}","{fatigue,low_energy,poor_circulation,depression}",{},"[{""phase"": ""warmup"", ""exercises"": [{""name"": ""Départ progressif"", ""duration"": ""2-5 min"", ""description"": ""Allure tranquille + respiration."", ""repetitions"": ""N/A"", ""breathing"": ""calme""}], ""duration"": 5}, {""phase"": ""main"", ""exercises"": [{""name"": ""Marche continue"", ""duration"": ""33 min"", ""description"": ""Allure confortable (parler possible)."", ""repetitions"": ""continu"", ""breathing"": ""naturelle""}], ""duration"": 33}, {""phase"": ""cooldown"", ""exercises"": [{""name"": ""Retour au calme"", ""duration"": ""2-5 min"", ""description"": ""Ralentir + étirements rapides."", ""repetitions"": ""N/A"", ""breathing"": ""profonde""}], ""duration"": 5}]",{},NULL,https://sopk-app.com/video/27.mp4,"{Allure plus lente,Segmenter en petites sessions,Choisir terrain plat}","{Allonger la durée,Ajouter des côtes légères,Utiliser des bâtons}"
Danse Libre 10 min – Boost d'Humeur,Danse accessible pour transpirer avec le sourire.,dance,10,easy,3,"{mood_improvement,energy_boost,cardiovascular_health,weight_management}","{low_energy,stress,mood_swings,poor_circulation}",{},"[{""phase"": ""warmup"", ""exercises"": [{""name"": ""Mise en rythme"", ""duration"": ""3-5 min"", ""description"": ""Pas simples + bras."", ""repetitions"": ""N/A"", ""breathing"": ""naturelle""}], ""duration"": 3}, {""phase"": ""main"", ""exercises"": [{""name"": ""Danse en continu"", ""duration"": ""4 min"", ""description"": ""Pas de base + variations."", ""repetitions"": ""continu"", ""breathing"": ""rythmée""}], ""duration"": 4}, {""phase"": ""cooldown"", ""exercises"": [{""name"": ""Retour au calme"", ""duration"": ""2 min"", ""description"": ""Danse lente + étirements."", ""repetitions"": ""N/A"", ""breathing"": ""profonde""}], ""duration"": 2}]",{},NULL,https://sopk-app.com/video/28.mp4,"{Sans sauts,Mouvements petits,Pauses fréquentes}","{Mouvements plus amples,Ajouter déplacements,Allonger la partie intense}"
Danse Cardio 25 min – Rythme & Plaisir,Danse accessible pour transpirer avec le sourire.,dance,25,medium,4,"{mood_improvement,energy_boost,cardiovascular_health,weight_management}","{low_energy,stress,mood_swings,poor_circulation}",{joint_problems},"[{""phase"": ""warmup"", ""exercises"": [{""name"": ""Mise en rythme"", ""duration"": ""3-5 min"", ""description"": ""Pas simples + bras."", ""repetitions"": ""N/A"", ""breathing"": ""naturelle""}], ""duration"": 5}, {""phase"": ""main"", ""exercises"": [{""name"": ""Danse en continu"", ""duration"": ""18 min"", ""description"": ""Pas de base + variations."", ""repetitions"": ""continu"", ""breathing"": ""rythmée""}], ""duration"": 18}, {""phase"": ""cooldown"", ""exercises"": [{""name"": ""Retour au calme"", ""duration"": ""2 min"", ""description"": ""Danse lente + étirements."", ""repetitions"": ""N/A"", ""breathing"": ""profonde""}], ""duration"": 2}]",{},NULL,https://sopk-app.com/video/29.mp4,"{Sans sauts,Mouvements petits,Pauses fréquentes}","{Mouvements plus amples,Ajouter déplacements,Allonger la partie intense}"
Danse Endurance 35 min – Entraînement Ludique,Danse accessible pour transpirer avec le sourire.,dance,35,medium,4,"{mood_improvement,energy_boost,cardiovascular_health,weight_management}","{low_energy,stress,mood_swings,poor_circulation}",{joint_problems},"[{""phase"": ""warmup"", ""exercises"": [{""name"": ""Mise en rythme"", ""duration"": ""3-5 min"", ""description"": ""Pas simples + bras."", ""repetitions"": ""N/A"", ""breathing"": ""naturelle""}], ""duration"": 5}, {""phase"": ""main"", ""exercises"": [{""name"": ""Danse en continu"", ""duration"": ""28 min"", ""description"": ""Pas de base + variations."", ""repetitions"": ""continu"", ""breathing"": ""rythmée""}], ""duration"": 28}, {""phase"": ""cooldown"", ""exercises"": [{""name"": ""Retour au calme"", ""duration"": ""2 min"", ""description"": ""Danse lente + étirements."", ""repetitions"": ""N/A"", ""breathing"": ""profonde""}], ""duration"": 2}]",{},NULL,https://sopk-app.com/video/30.mp4,"{Sans sauts,Mouvements petits,Pauses fréquentes}","{Mouvements plus amples,Ajouter déplacements,Allonger la partie intense}"
Cardio Intervalles Doux 15 min,"Circuit cardio léger par intervalles, sans impact.",cardio_light,15,medium,3,"{cardiovascular_health,energy_boost,insulin_sensitivity,weight_management}","{low_energy,insulin_resistance,weight_gain,stress}",{},"[{""phase"": ""warmup"", ""exercises"": [{""name"": ""Marche dynamique"", ""duration"": ""3 min"", ""description"": ""Genoux montés doux + bras."", ""repetitions"": ""N/A"", ""breathing"": ""calme""}], ""duration"": 3}, {""phase"": ""main"", ""exercises"": [{""name"": ""Intervalles 30/15"", ""duration"": ""9 min"", ""description"": ""Exos au sol sans saut (step touch, talons-fesses, box step)."", ""repetitions"": ""cycles 30s/15s"", ""breathing"": ""rythmée""}], ""duration"": 9}, {""phase"": ""cooldown"", ""exercises"": [{""name"": ""Marche lente + étirements"", ""duration"": ""3 min"", ""description"": ""Retour au calme global."", ""repetitions"": ""N/A"", ""breathing"": ""profonde""}], ""duration"": 3}]",{timer},NULL,https://sopk-app.com/video/31.mp4,"{Allonger le repos,Réduire l'amplitude,S'appuyer à un mur}","{Répéter le circuit,Réduire le repos,Lever les genoux plus haut}"
Cardio Intervalles Doux 20 min,"Circuit cardio léger par intervalles, sans impact.",cardio_light,20,medium,4,"{cardiovascular_health,energy_boost,insulin_sensitivity,weight_management}","{low_energy,insulin_resistance,weight_gain,stress}","{high_blood_pressure,pregnancy_first_trimester}","[{""phase"": ""warmup"", ""exercises"": [{""name"": ""Marche dynamique"", ""duration"": ""3 min"", ""description"": ""Genoux montés doux + bras."", ""repetitions"": ""N/A"", ""breathing"": ""calme""}], ""duration"": 3}, {""phase"": ""main"", ""exercises"": [{""name"": ""Intervalles 30/15"", ""duration"": ""14 min"", ""description"": ""Exos au sol sans saut (step touch, talons-fesses, box step)."", ""repetitions"": ""cycles 30s/15s"", ""breathing"": ""rythmée""}], ""duration"": 14}, {""phase"": ""cooldown"", ""exercises"": [{""name"": ""Marche lente + étirements"", ""duration"": ""3 min"", ""description"": ""Retour au calme global."", ""repetitions"": ""N/A"", ""breathing"": ""profonde""}], ""duration"": 3}]",{timer},NULL,https://sopk-app.com/video/32.mp4,"{Allonger le repos,Réduire l'amplitude,S'appuyer à un mur}","{Répéter le circuit,Réduire le repos,Lever les genoux plus haut}"
Renforcement Doux Corps Entier – Initiation,Renforcement global sans impact pour activer les muscles en sécurité.,strength,10,beginner,2,"{muscle_strength,insulin_sensitivity,improved_circulation,weight_management}","{fatigue,insulin_resistance,weight_gain,poor_circulation}",{recent_surgery},"[{""phase"": ""warmup"", ""exercises"": [{""name"": ""Marche sur place + mobilisations"", ""duration"": ""3 min"", ""description"": ""Prépare le corps."", ""repetitions"": ""N/A"", ""breathing"": ""calme""}], ""duration"": 2}, {""phase"": ""main"", ""exercises"": [{""name"": ""Circuit renfo basique"", ""duration"": ""6 min"", ""description"": ""Pompes murales, squats, tirage élastique, gainage genoux."", ""repetitions"": ""2-3 tours"", ""breathing"": ""coordonnée""}], ""duration"": 6}, {""phase"": ""cooldown"", ""exercises"": [{""name"": ""Étirements ciblés"", ""duration"": ""2 min"", ""description"": ""Quadriceps, ischios, épaules."", ""repetitions"": ""15-30 sec"", ""breathing"": ""profonde""}], ""duration"": 2}]","{wall,chair,mat}",NULL,https://sopk-app.com/video/33.mp4,"{Utiliser un plan plus haut,Réduire les répétitions,Pauses plus longues}","{Ajouter halteres légères,Plus de tours,Réduire le repos}"
Renforcement Corps Entier – Circuit Doux,Renforcement global sans impact pour activer les muscles en sécurité.,strength,25,beginner,3,"{muscle_strength,insulin_sensitivity,improved_circulation,weight_management}","{fatigue,insulin_resistance,weight_gain,poor_circulation}",{recent_surgery},"[{""phase"": ""warmup"", ""exercises"": [{""name"": ""Marche sur place + mobilisations"", ""duration"": ""3 min"", ""description"": ""Prépare le corps."", ""repetitions"": ""N/A"", ""breathing"": ""calme""}], ""duration"": 3}, {""phase"": ""main"", ""exercises"": [{""name"": ""Circuit renfo basique"", ""duration"": ""20 min"", ""description"": ""Pompes murales, squats, tirage élastique, gainage genoux."", ""repetitions"": ""2-3 tours"", ""breathing"": ""coordonnée""}], ""duration"": 20}, {""phase"": ""cooldown"", ""exercises"": [{""name"": ""Étirements ciblés"", ""duration"": ""2 min"", ""description"": ""Quadriceps, ischios, épaules."", ""repetitions"": ""15-30 sec"", ""breathing"": ""profonde""}], ""duration"": 2}]","{wall,chair,mat}",NULL,https://sopk-app.com/video/34.mp4,"{Utiliser un plan plus haut,Réduire les répétitions,Pauses plus longues}","{Ajouter halteres légères,Plus de tours,Réduire le repos}"
Full Body 20 min – Débutante,Renforcement global sans impact pour activer les muscles en sécurité.,strength,20,easy,3,"{muscle_strength,insulin_sensitivity,improved_circulation,weight_management}","{fatigue,insulin_resistance,weight_gain,poor_circulation}",{},"[{""phase"": ""warmup"", ""exercises"": [{""name"": ""Marche sur place + mobilisations"", ""duration"": ""3 min"", ""description"": ""Prépare le corps."", ""repetitions"": ""N/A"", ""breathing"": ""calme""}], ""duration"": 3}, {""phase"": ""main"", ""exercises"": [{""name"": ""Circuit renfo basique"", ""duration"": ""15 min"", ""description"": ""Pompes murales, squats, tirage élastique, gainage genoux."", ""repetitions"": ""2-3 tours"", ""breathing"": ""coordonnée""}], ""duration"": 15}, {""phase"": ""cooldown"", ""exercises"": [{""name"": ""Étirements ciblés"", ""duration"": ""2 min"", ""description"": ""Quadriceps, ischios, épaules."", ""repetitions"": ""15-30 sec"", ""breathing"": ""profonde""}], ""duration"": 2}]","{wall,chair,mat}",NULL,https://sopk-app.com/video/35.mp4,"{Utiliser un plan plus haut,Réduire les répétitions,Pauses plus longues}","{Ajouter halteres légères,Plus de tours,Réduire le repos}"
Full Body 30 min – Endurance Musculaire,Renforcement global sans impact pour activer les muscles en sécurité.,strength,30,medium,4,"{muscle_strength,insulin_sensitivity,improved_circulation,weight_management}","{fatigue,insulin_resistance,weight_gain,poor_circulation}",{},"[{""phase"": ""warmup"", ""exercises"": [{""name"": ""Marche sur place + mobilisations"", ""duration"": ""3 min"", ""description"": ""Prépare le corps."", ""repetitions"": ""N/A"", ""breathing"": ""calme""}], ""duration"": 3}, {""phase"": ""main"", ""exercises"": [{""name"": ""Circuit renfo basique"", ""duration"": ""25 min"", ""description"": ""Pompes murales, squats, tirage élastique, gainage genoux."", ""repetitions"": ""2-3 tours"", ""breathing"": ""coordonnée""}], ""duration"": 25}, {""phase"": ""cooldown"", ""exercises"": [{""name"": ""Étirements ciblés"", ""duration"": ""2 min"", ""description"": ""Quadriceps, ischios, épaules."", ""repetitions"": ""15-30 sec"", ""breathing"": ""profonde""}], ""duration"": 2}]","{wall,chair,mat}",NULL,https://sopk-app.com/video/36.mp4,"{Utiliser un plan plus haut,Réduire les répétitions,Pauses plus longues}","{Ajouter halteres légères,Plus de tours,Réduire le repos}"
Core Adapté SOPK – Centre Stable,"Travail du centre sans pression excessive, idéal pour la stabilité.",strength,15,easy,3,"{muscle_strength,insulin_sensitivity,stress_reduction}","{back_pain,insulin_resistance,stress}","{back_injury,recent_surgery}","[{""phase"": ""warmup"", ""exercises"": [{""name"": ""Respiration transverse"", ""duration"": ""2 min"", ""description"": ""Connexion abdos profonds."", ""repetitions"": ""10 cycles"", ""breathing"": ""latérale""}], ""duration"": 2}, {""phase"": ""main"", ""exercises"": [{""name"": ""Séquence centre"", ""duration"": ""11 min"", ""description"": ""Bird-dog, dead bug, pont fessier, side plank modifiée."", ""repetitions"": ""séries contrôlées"", ""breathing"": ""contrôlée""}], ""duration"": 11}, {""phase"": ""cooldown"", ""exercises"": [{""name"": ""Étirement dos"", ""duration"": ""2 min"", ""description"": ""En boule / enfant."", ""repetitions"": ""N/A"", ""breathing"": ""calme""}], ""duration"": 2}]",{mat},NULL,https://sopk-app.com/video/37.mp4,"{Tête au sol en crunch,Tenir moins longtemps,Poser les genoux}","{Planche complète,Plus de répétitions,Ajouter mini-élastique}"
Core Adapté SOPK – Ceinture Profonde,"Travail du centre sans pression excessive, idéal pour la stabilité.",strength,20,medium,3,"{muscle_strength,insulin_sensitivity,stress_reduction}","{back_pain,insulin_resistance,stress}","{back_injury,recent_surgery}","[{""phase"": ""warmup"", ""exercises"": [{""name"": ""Respiration transverse"", ""duration"": ""2 min"", ""description"": ""Connexion abdos profonds."", ""repetitions"": ""10 cycles"", ""breathing"": ""latérale""}], ""duration"": 2}, {""phase"": ""main"", ""exercises"": [{""name"": ""Séquence centre"", ""duration"": ""16 min"", ""description"": ""Bird-dog, dead bug, pont fessier, side plank modifiée."", ""repetitions"": ""séries contrôlées"", ""breathing"": ""contrôlée""}], ""duration"": 16}, {""phase"": ""cooldown"", ""exercises"": [{""name"": ""Étirement dos"", ""duration"": ""2 min"", ""description"": ""En boule / enfant."", ""repetitions"": ""N/A"", ""breathing"": ""calme""}], ""duration"": 2}]",{mat},NULL,https://sopk-app.com/video/38.mp4,"{Tête au sol en crunch,Tenir moins longtemps,Poser les genoux}","{Planche complète,Plus de répétitions,Ajouter mini-élastique}"
Bas du Corps – Jambes & Fessiers,Ciblage des jambes et fessiers pour force fonctionnelle.,strength,25,medium,4,"{muscle_strength,insulin_sensitivity,weight_management}","{weight_gain,insulin_resistance,poor_circulation}","{joint_problems,back_injury}","[{""phase"": ""warmup"", ""exercises"": [{""name"": ""Ouverture hanches + squats faciles"", ""duration"": ""4 min"", ""description"": ""Prépare cuisses et hanches."", ""repetitions"": ""N/A"", ""breathing"": ""calme""}], ""duration"": 4}, {""phase"": ""main"", ""exercises"": [{""name"": ""Jambes & fessiers"", ""duration"": ""18 min"", ""description"": ""Squats, fentes, levés de mollets, pont unilatéral."", ""repetitions"": ""séries"", ""breathing"": ""coordonnée""}], ""duration"": 18}, {""phase"": ""cooldown"", ""exercises"": [{""name"": ""Étirements bas du corps"", ""duration"": ""3 min"", ""description"": ""Quadri, ischios, mollets."", ""repetitions"": ""30 sec"", ""breathing"": ""profonde""}], ""duration"": 3}]","{mat,wall}",NULL,https://sopk-app.com/video/39.mp4,"{Amplitudes réduites,Soutien chaise,Plus de repos}","{Ajouter halteres légères,Rallonger les séries,Wall sit plus long}"
Bas du Corps – Puissance Contrôlée,Ciblage des jambes et fessiers pour force fonctionnelle.,strength,30,advanced,5,"{muscle_strength,insulin_sensitivity,weight_management}","{weight_gain,insulin_resistance,poor_circulation}","{joint_problems,back_injury}","[{""phase"": ""warmup"", ""exercises"": [{""name"": ""Ouverture hanches + squats faciles"", ""duration"": ""4 min"", ""description"": ""Prépare cuisses et hanches."", ""repetitions"": ""N/A"", ""breathing"": ""calme""}], ""duration"": 4}, {""phase"": ""main"", ""exercises"": [{""name"": ""Jambes & fessiers"", ""duration"": ""23 min"", ""description"": ""Squats, fentes, levés de mollets, pont unilatéral."", ""repetitions"": ""séries"", ""breathing"": ""coordonnée""}], ""duration"": 23}, {""phase"": ""cooldown"", ""exercises"": [{""name"": ""Étirements bas du corps"", ""duration"": ""3 min"", ""description"": ""Quadri, ischios, mollets."", ""repetitions"": ""30 sec"", ""breathing"": ""profonde""}], ""duration"": 3}]","{mat,wall}",NULL,https://sopk-app.com/video/40.mp4,"{Amplitudes réduites,Soutien chaise,Plus de repos}","{Ajouter halteres légères,Rallonger les séries,Wall sit plus long}"
